Name, Amount
--------Utilities--------,
Daily electricity usage in kWh,40
Monthly gas bill in dollars,16.9
,
--------University--------,
Annual number of credits taken at university,24
,
--------Computing--------,
Daily hours spent on the internet including netflix & social media & steam-connected games,2
Daily hours spent on a mobile phone,3
Annual number of new phones/tablets/ereaders/Switch/etc bought,1
Annual number of new laptops bought,1
Annual number of new desktops/servers/consoles (e.g. xbox/wii) bought,1
,
--------Diet--------,
Daily grams of meat in diet,0
Daily grams of cheese in diet,0
Daily litres of milk in diet,0
Daily number of eggs in diet,2
,
--------Transportation--------,
Weekly number of bus rides,0
Weekly number of train (metro/exo) rides,4
Weekly number of uber/taxi rides,2
Weekly total km driven,4
,
--------Travel--------,
Annual one-way flights longer than 4 hours,6
Annual one-way flights under 4 hours,4
Annual one-way intercity train rides (longer than 4 hours),0
Annual one-way intercity coach bus rides (longer than 4 hours),1
Annual spending on hotels in dollars,700
-------------------------------,
